{
    "marca":"Hyundai",
    "modelos":[
        {
            "Kona":{"cilindrada":6,"caballos de vapor":198,"velocidad máxima":240,"num de plazas":5,"numero de coches en concesionario":250}
        },
        {
            "Tucson":{"cilindrada":2.5,"caballos de vapor":150,"velocidad maxima":193,"num de plazas":5,"numero de coches en concesionario":190}
        }
    ],
    "unidades":[
        {
            "id":243,
            "modelo":"Kona",
            "km que tiene":"0",
            "reservado":"Paqui"
        },
        {
            "id":165,
            "modelo":"Tucson",
            "km que tiene":"500",
            "reservado":null
        },
        {
            "id":201,
            "modelo":"Tucson",
            "km que tiene":"740",
            "reservado":"Ramón"
        },
        {
            "id":168,
            "modelo":"Kona",
            "km que tiene":"0",
            "reservado":"Lola"
        }
    ],
    "clientes":[
        {
            "Paqui":{"nombre":"Paqui Rodríguez Quierós","direccion":"Calle Antonio Recio","telefono":"859355824"}
        },
        {
            "Ramón":{"nombre":"Pamón Hinestrosa Maroto","direccion":"Calle Fermín Trujillo","telefono":"148956892"}
        },
        {
            "Lola":{"nombre":"Lola Niño Valverde","direccion":"Calle Amador Rivas","telefono":"789456235"}
        }
    ]
}