<?xml version="1.0" encoding="UTF-8"?>
<!DOCTYPE concesionario SYSTEM "DTD/07.concesionario.dtd">
<concesionario marca="SEAT">
   <modelo id="m01" nombre="León">
      <cilindrada>2000</cilindrada>
      <cv>140</cv>
      <velmax>220</velmax>
      <plazas>5</plazas>
   </modelo>

   <modelo id="m02" nombre="Ibiza">
      <cilindrada>1800</cilindrada>
      <cv>120</cv>
      <velmax>200</velmax>
      <plazas>5</plazas>
   </modelo>

   <!-- Mas modelos -->

   <!-- Los tipos son: nuevo, 2mano, km0 -->
   <!-- Si no hay km, es 0. Si no hay reservado, es false -->
   <coche id="co01" modelo="m01" tipo="nuevo" reservado="true" />
   <coche id="co02" modelo="m01" tipo="2mano" km="50000" />
   <coche id="co03" modelo="m02" tipo="km0" />
   <coche id="co04" modelo="m02" tipo="2mano" km="132000" reservado="true" />
   
   <!-- Hay más coches -->

</concesionario>
